feature,importance
distance_km,0.9959448434535136
traffic_density,0.24441890605798403
prep_time_min,0.1448623937562307
weather_condition,0.1273458425350564
multiple_deliveries,0.05443853355328468
is_peak_hour,0.013451072597873676
event_type,0.0028238971809159685
is_event,0.0027021564079416083
restaurant_area,0.001648570796899812
order_hour,-1.3042799576756803e-06
day_of_week,-2.446772429498534e-06
vehicle_type,-1.1606473496017511e-05
