feature,importance
distance_km,1.2437089439007505
preparation_time_min,0.20626348803219574
traffic_level,0.09284285180205136
weather,0.052839255138956154
courier_experience_yrs,0.01658229184780575
vehicle_type,0.0016484755177027706
time_of_day,-0.0007203721241876201
