model,r2,mae,rmse
Linear Regression,0.8262380598169948,5.899140625,8.825235907235532
Random Forest,0.7970933908242674,6.6010260345765355,9.536677389864137
Gradient Boosting,0.7931290736818448,6.511914471947648,9.62938884452355
