model,r2,mae,rmse
Gradient Boosting,0.9249145364096747,3.2572033301158485,4.112004333282218
Linear Regression,0.9223868076596744,3.3161619466145833,4.180646087035175
Random Forest,0.9124097852772911,3.4902007366840135,4.441231647749631
